doc_id	url	filename
DOC-0006	https://smelegal.wordpress.com/wp-content/uploads/2015/02/j-09-09-15-pme.pdf	j-09-09-15-pme.pdf
DOC-0007	https://smelegal.wordpress.com/wp-content/uploads/2015/02/lei_complementar_461_2009_estatuto_magistc3a9rio_limeiraatualizado-atc3a9-a-lc-632_2012.pdf	lei_complementar_461_2009_estatuto_magistc3a9rio_limeiraatualizado-atc3a9-a-lc-632_2012.pdf
DOC-0008	https://smelegal.wordpress.com/wp-content/uploads/2015/02/lei-visa-educac3a7c3a3o-infantil.pdf	lei-visa-educac3a7c3a3o-infantil.pdf
DOC-0009	https://smelegal.wordpress.com/wp-content/uploads/2015/02/receita-mc3a9dica-para-ministrar-remc3a9dios-em-creches.pdf	receita-mc3a9dica-para-ministrar-remc3a9dios-em-creches.pdf
DOC-0010	https://smelegal.wordpress.com/wp-content/uploads/2015/02/regimento.pdf	regimento.pdf
DOC-0012	https://smelegal.wordpress.com/wp-content/uploads/2015/03/del_ind_cme_01_2009_ed_infantil1.pdf	del_ind_cme_01_2009_ed_infantil1.pdf
DOC-0013	https://smelegal.wordpress.com/wp-content/uploads/2015/03/del-cme-04_2009_ind-cme-02_2009.pdf	del-cme-04_2009_ind-cme-02_2009.pdf
DOC-0014	https://smelegal.wordpress.com/wp-content/uploads/2015/03/deliberac3a7c3a3o-cme_04_2010_regulamento_ci_ceief1.pdf	deliberac3a7c3a3o-cme_04_2010_regulamento_ci_ceief1.pdf
DOC-0015	https://smelegal.wordpress.com/wp-content/uploads/2015/03/deliberac3a7c3a3o-cme-01_10_educac3a7c3a3o-c3a9tnico-racial.pdf	deliberac3a7c3a3o-cme-01_10_educac3a7c3a3o-c3a9tnico-racial.pdf
DOC-0016	https://smelegal.wordpress.com/wp-content/uploads/2015/03/deliberac3a7c3a3o-cme-02_2010-projeto-regular-vida-escolar.pdf	deliberac3a7c3a3o-cme-02_2010-projeto-regular-vida-escolar.pdf
